timestamp,memory_usage
1743018687.750759,248.99609375
1743018688.7527905,255.0625
1743018689.7542577,258.14453125
1743018690.7557187,273.61328125
1743018691.757204,277.6328125
1743018692.7586706,279.6328125
1743018693.760138,283.5
1743018694.7612743,314.1796875
1743018695.7626579,314.1796875
1743018696.764093,314.1796875
1743018697.7652473,314.1796875
1743018698.7661285,314.1796875
1743018699.7673645,314.1796875
1743018700.7687206,314.1796875
1743018701.769239,314.1796875
1743018702.7706478,314.1796875
